{
  "sfreq": 10000.0,
  "duration_s": 90.0,
  "bands": {
    "high": {
      "deltaP_pos": -0.00830347484763025,
      "kappa_hi": 0.5424866773013535,
      "kappa_lo": 0.5397487119968677
    },
    "low": {
      "deltaP_pos": 0.05369683764722255,
      "kappa_hi": 0.723987180711927,
      "kappa_lo": 0.6497150211368015
    },
    "mid": {
      "deltaP_pos": 0.012349143578722518,
      "kappa_hi": 1.250946788378668,
      "kappa_lo": 1.2448773250791592
    }
  }
}