{
  "phi": 0.3141592653589793,
  "loss": 4.070262174584988,
  "at_best": {
    "sin2W": -3.3928571428571423,
    "alpha_s": 0.12408503172790528,
    "sqrt_sigma": 5.909877841719096e-14,
    "alpha_em": -0.9306377379592896
  },
  "K0": [
    14.880933201108652,
    1.3392839880997784,
    0.22321399801662975
  ]
}