{
  "phi": 0.3490658503988659,
  "loss": 4.070262174584978,
  "at_best": {
    "sin2W": -3.3928571428571423,
    "alpha_s": 0.12408503172790528,
    "sqrt_sigma": 6.895532492275553e-14,
    "alpha_em": -0.9306377379592896
  },
  "K0": [
    20.133027272088093,
    -1.8119724544879283,
    0.30199540908132133
  ]
}