{
  "best": {
    "scenario": "ablate_interact",
    "kappa0": 0.08,
    "interact": false,
    "ridge": 0.0001,
    "r_nudge": 0.95,
    "theta_sweep_deg": 16,
    "rmse_log": 1.644824984368406,
    "mae_log": 1.2045955244325635,
    "AIC_kOFF": 15.650533335140217,
    "AIC_kON": 15.700350192457902,
    "delta_AIC": 0.04981685731768515
  },
  "n_trials": 300,
  "scenario": "ablate_interact",
  "grid": "full"
}