{
  "best": {
    "scenario": "ablate_anchor",
    "kappa0": 0.0,
    "interact": false,
    "ridge": 0.1,
    "r_nudge": 1.0,
    "theta_sweep_deg": 0,
    "rmse_log": 6.0050736588830755,
    "mae_log": 5.051571529926091,
    "AIC_kOFF": 15.650533335140217,
    "AIC_kON": 15.700350192457902,
    "delta_AIC": 0.04981685731768515
  },
  "n_trials": 50,
  "scenario": "ablate_anchor",
  "grid": "full"
}