{
  "grid": "full",
  "bests": {
    "baseline": {
      "scenario": "baseline",
      "kappa0": 0.08,
      "interact": true,
      "ridge": 0.0001,
      "r_nudge": 0.95,
      "theta_sweep_deg": 16,
      "rmse_log": 1.4433544905679532,
      "mae_log": 1.0716749744464589,
      "AIC_kOFF": -300.75494966110864,
      "AIC_kON": -309.88307254157326,
      "delta_AIC": -9.128122880464616
    },
    "ablate_kappa": {
      "scenario": "ablate_kappa",
      "kappa0": 0.0,
      "interact": false,
      "ridge": 0.001,
      "r_nudge": 1.05,
      "theta_sweep_deg": 16,
      "rmse_log": 3.432402677071706,
      "mae_log": 3.0040077878467746,
      "AIC_kOFF": 15.650533335140217,
      "AIC_kON": 15.700350192457902,
      "delta_AIC": 0.04981685731768515
    },
    "ablate_interact": {
      "scenario": "ablate_interact",
      "kappa0": 0.08,
      "interact": false,
      "ridge": 0.0001,
      "r_nudge": 0.95,
      "theta_sweep_deg": 16,
      "rmse_log": 1.644824984368406,
      "mae_log": 1.2045955244325635,
      "AIC_kOFF": 15.650533335140217,
      "AIC_kON": 15.700350192457902,
      "delta_AIC": 0.04981685731768515
    },
    "ablate_anchor": {
      "scenario": "ablate_anchor",
      "kappa0": 0.0,
      "interact": false,
      "ridge": 0.1,
      "r_nudge": 1.0,
      "theta_sweep_deg": 0,
      "rmse_log": 6.0050736588830755,
      "mae_log": 5.051571529926091,
      "AIC_kOFF": 15.650533335140217,
      "AIC_kON": 15.700350192457902,
      "delta_AIC": 0.04981685731768515
    }
  },
  "comparison_csv": "sweep_ablation_compare_full.csv"
}