{
  "best_phi": 0.3141592653589793,
  "best_loss": 4.070262174584988,
  "at_best": {
    "sin2W": -3.3928571428571423,
    "alpha_s": 0.12408503172790528,
    "sqrt_sigma": 5.909877841719096e-14,
    "alpha_em": -0.9306377379592896
  },
  "params": {
    "r12": 3.3333333333333335,
    "r32": 0.16666666666666666,
    "eps": {
      "U1": 0.12,
      "SU2": 0.12,
      "SU3": 0.12
    },
    "nph": {
      "U1": 1,
      "SU2": 2,
      "SU3": 3
    },
    "dph": {
      "U1": 0.0,
      "SU2": 0.0,
      "SU3": 0.0
    },
    "MU_C_GEV": 0.06582119569,
    "xi_Gamma_m": 2.9979245800000004e-15
  }
}