{
  "B": 200,
  "K": 5,
  "rmse_log_mean": 6.102933589839681,
  "rmse_log_ci_95": [
    0.6419213947810337,
    11.875188678468453
  ],
  "mae_log_mean": 5.628982382844717,
  "mae_log_ci_95": [
    0.38763786738338046,
    11.574426795532784
  ],
  "spec": {
    "k0": 0.08,
    "k1": null,
    "interact": true,
    "ridge": 0.0001,
    "r_nudge": 0.95,
    "theta_sweep_deg": 16
  }
}