{
  "k0": 0.06,
  "k1": 0.05,
  "rmse_log": 0.6359045685109536,
  "mae_log": 0.4988615789558419
}