{
  "best_phi": 1.6667894356545847,
  "best_loss": 4.070262174584948
}