{
  "alpha": 0.0072973525692838015,
  "mp_me": 1836.1526734400013,
  "alpha_s": 0.1181,
  "alpha_w": 0.03389830508474576,
  "sin2_thetaW": 0.23121,
  "alpha_mmu": 0.007358351729212656,
  "alpha_mtau": 0.007501875468867216,
  "alpha_s_2GeV": 0.3,
  "alpha_s_1GeV": 0.5,
  "Lambda_QCD_over_me": 391.39023671183674,
  "sin_thetaC": 0.22497,
  "Vud": 0.9742,
  "Vus": 0.2243,
  "Vub": 0.00368,
  "mmu_me": 206.768283,
  "mtau_mmu": 16.8167,
  "mtau_me": 3477.1601847261,
  "mn_mp": 1.0013784187,
  "g_e": 2.00231930436256,
  "g_p": 5.5856946893,
  "g_n": -3.82608545,
  "alpha_G": 5.9e-39,
  "Omega_m": 0.315,
  "Omega_Lambda": 0.685,
  "H0_tP": 1.2e-61
}