{
  "alpha": [
    1.5,
    1.0
  ],
  "mp_me": [
    0.0,
    2.53
  ],
  "alpha_s": [
    5.51,
    0.0
  ],
  "alpha_w": [
    -5.13,
    0.0
  ],
  "sin2_thetaW": [
    0.0,
    -2.53
  ],
  "alpha_mmu": [
    1.4999999999999998,
    1.0
  ],
  "alpha_mtau": [
    1.4999999999999998,
    1.0
  ],
  "alpha_s_2GeV": [
    5.51,
    0.0
  ],
  "alpha_s_1GeV": [
    5.51,
    0.0
  ],
  "Lambda_QCD_over_me": [
    5.51,
    0.0
  ],
  "sin_thetaC": [
    -3.627457787486988,
    -3.627457787486989
  ],
  "Vud": [
    -3.627457787486988,
    -3.627457787486989
  ],
  "Vus": [
    -3.627457787486988,
    -3.627457787486989
  ],
  "Vub": [
    -3.627457787486988,
    -3.627457787486989
  ],
  "mmu_me": [
    1.5491782009214017e-16,
    2.53
  ],
  "mtau_mmu": [
    1.5491782009214017e-16,
    2.53
  ],
  "mtau_me": [
    1.5491782009214017e-16,
    2.53
  ],
  "mn_mp": [
    1.5491782009214017e-16,
    2.53
  ],
  "g_e": [
    1.4999999999999998,
    1.0
  ],
  "g_p": [
    5.51,
    0.0
  ],
  "g_n": [
    5.51,
    0.0
  ],
  "alpha_G": [
    1.5000000000000004,
    -2.598076211353316
  ],
  "Omega_m": [
    1.5000000000000004,
    2.598076211353316
  ],
  "Omega_Lambda": [
    1.5000000000000004,
    2.598076211353316
  ],
  "H0_tP": [
    1.5000000000000004,
    2.598076211353316
  ]
}