{
  "B": 500,
  "K": 5,
  "rmse_log_mean": 13.984868352285032,
  "rmse_log_ci_95": [
    1.6098316329222107,
    35.227307780408005
  ],
  "mae_log_mean": 8.648201615156163,
  "mae_log_ci_95": [
    1.2524955635228303,
    19.94656517305244
  ],
  "spec": {
    "k0": 0.08,
    "k1": null,
    "interact": true,
    "ridge": 0.0001,
    "r_nudge": 0.95,
    "theta_sweep_deg": 16
  }
}